sentence,number,sentence owner,voice
本当？,4751,bunbuku,yomi
急いで！,4754,blay_paul,yomi
静かに！,142537,bunbuku,yomi
何これ？,370955,saeb,yomi
なんで？,778974,marloncori,yomi
何の話？,2303034,tommy_san,yomi
いま暇？,2752686,tommy_san,yomi
新聞どこ？,145180,tommy_san,yomi
寝てるの？,2666712,tommy_san,yomi
今の音何？,3550819,tommy_san,yomi
頭痛い。,3590724,tommy_san,yomi
あ、雪だ！,3710861,tommy_san,yomi
何してるの？,4704,Swift,yomi
忘れ物ない？,82540,mookeee,yomi
何に使うの？,187729,bunbuku,yomi
また明日。,195390,bunbuku,yomi
これ誰の本？,217562,tommy_san,yomi
雨降ってる？,2562842,tommy_san,yomi
トムって誰？,2733628,tommy_san,huizi99
今週末は暇？,3024516,tommy_san,yomi
暑くないの？,3126024,tommy_san,yomi
顔赤いよ。,3373644,tommy_san,yomi
何食べたい？,3466602,tommy_san,yomi
トムはどこ？,3509647,arnab,huizi99
これ何の音？,3550836,tommy_san,yomi
何見てるの？,3552883,tommy_san,yomi
何買ったの？,3552893,tommy_san,yomi
どこ行くの？,3595435,tommy_san,yomi
これトムの？,3700808,tommy_san,yomi
手伝おうか？,3878008,tommy_san,yomi
独身ですか。,123421,tommy_san,Mizu
大賛成です。,137534,tommy_san,Mizu
大学生です。,137609,tommy_san,Mizu
元気出して。,175025,mookeee,yomi
謝らないで。,1490026,marshmallowcat,yomi
ありがとう。,1532832,bunbuku,yomi
みんなはどこ？,2310116,tommy_san,yomi
何考えてるの？,2430004,tommy_san,yomi
どういう意味？,2492791,tommy_san,yomi
何探してんの？,2533654,tommy_san,yomi
トムは行った？,2562502,OrangeTart,huizi99
まだ起きてる？,2569601,tommy_san,yomi
トムは死んだ？,2581781,OrangeTart,huizi99
トムは勝った？,2581788,OrangeTart,huizi99
まだ怒ってる？,2615036,tommy_san,yomi
トムが正解。,2622377,OrangeTart,huizi99
トムが最強。,2626291,OrangeTart,huizi99
これトムの靴？,2739683,tommy_san,yomi
トムは今幸せ？,2739687,tommy_san,huizi99
トム、大丈夫？,2739688,tommy_san,huizi99
何の話ですか？,2774232,tommy_san,Mizu
何読んでるの？,2871761,tommy_san,yomi
何人に話した？,2912714,tommy_san,yomi
何食べてるの？,3023122,tommy_san,yomi
外は雪だよ。,3029987,tommy_san,yomi
何笑ってんの？,3105597,tommy_san,yomi
トムの嘘つき！,3451423,tommy_san,yomi
お急ぎですか？,3454115,tommy_san,Mizu
誰待ってるの？,3455043,tommy_san,yomi
あれはトムの？,3496705,arnab,huizi99
トムってバカ？,3507421,arnab,huizi99
何書いてんの？,3552890,tommy_san,yomi
何が心配なの？,3552898,tommy_san,yomi
どういうこと？,3553284,tommy_san,yomi
身長何センチ？,3559170,tommy_san,yomi
それ見せて。,3560587,tommy_san,yomi
眠いんですか？,3662454,tommy_san,Mizu
眠そうだね。,3662503,tommy_san,yomi
アイス食べる？,3699447,tommy_san,yomi
のど渇いた。,3759421,tommy_san,yomi
心配しないで。,4734,Swift,yomi
聞こえますか。,83624,tommy_san,Mizu
遅れてごめん。,126714,tommy_san,yomi
知らなかったの？,127078,tommy_san,yomi
水をください。,143718,bunbuku,huizi99
私もそう思う。,152212,tommy_san,yomi
座りませんか。,170842,bunbuku,yomi
考えすぎだよ。,173476,tommy_san,yomi
許して下さい。,182164,bunbuku,huizi99
一緒に行かない？,190532,bunbuku,yomi
すぐ戻ります。,214752,tommy_san,Mizu
どうしてですか？,778975,marloncori,yomi
トムに聞いて。,2038384,bunbuku,huizi99
トムは男前だ。,2060614,bunbuku,huizi99
トムは勝った。,2152871,bunbuku,huizi99
トムに聞いたの？,2216633,bunbuku,huizi99
トムに電話した？,2304848,bunbuku,yomi
間違えました。,2312024,tommy_san,Mizu
トムは座った。,2349381,hutian,huizi99
トムはどう思う？,2385312,tommy_san,yomi
いま何時ですか？,2412106,tommy_san,yomi
日本の方ですか？,2412133,tommy_san,Mizu
分かってます。,2518677,tommy_san,Mizu
誰と話してるの？,2533640,tommy_san,yomi
トムを叩いた。,2556219,OrangeTart,huizi99
トムが見える。,2559793,OrangeTart,huizi99
トムは試したの？,2581786,OrangeTart,huizi99
トムは太った。,2638160,OrangeTart,huizi99
頭痛いの治った？,2724917,tommy_san,yomi
トムはもう来た？,2740707,tommy_san,huizi99
そうなんですか？,2744751,tommy_san,Mizu
靴どこで脱いだ？,2858325,tommy_san,yomi
何か探してるの？,2871644,tommy_san,yomi
あのコアラ見て！,2901219,tommy_san,yomi
トムは雨男だ。,2944722,tommy_san,huizi99
何か隠してるの？,2985792,Fukuko,yomi
熱計ってみたら？,3023116,tommy_san,yomi
そっちは今何時？,3050857,tommy_san,yomi
まだ雨降ってる？,3125445,tommy_san,yomi
今週末空いてる？,3247983,tommy_san,yomi
昨日何時に寝た？,3395375,tommy_san,yomi
これ誰のコップ？,3416307,tommy_san,yomi
今携帯持ってる？,3455785,tommy_san,yomi
鼻血出てるよ。,3479892,tommy_san,yomi
トムを呼んで。,3480424,arnab,huizi99
あれはトムかな？,3507410,arnab,huizi99
トムは病気なの？,3507424,arnab,huizi99
また来てもいい？,3559172,tommy_san,yomi
私何歳に見える？,3587931,tommy_san,yomi
今好きな人いる？,3589664,tommy_san,yomi
私の鍵知らない？,3606373,tommy_san,yomi
もう11時だよ。,3637575,tommy_san,yomi
ここよく来るの？,3677754,tommy_san,yomi
コート脱いだら？,3798942,tommy_san,yomi
この歌知ってる？,3850805,tommy_san,yomi
元気出しなよ。,3859522,tommy_san,yomi
トムに鍵渡した？,3927443,Ariel131,yomi
これ誰のですか？,4095939,tommy_san,Mizu
トムは泳いだ。,4344694,nihonjin,huizi99
トムが負けた。,4344738,nihonjin,huizi99
今何時か分かる？,4636745,tommy_san,yomi
冬休み何日から？,4661510,tommy_san,yomi
車を停めなさい！,4897850,huizi99,huizi99
連絡して下さい。,77409,mookeee,huizi99
無理しないでね。,80886,bunbuku,yomi
熱があるんです。,121901,tommy_san,Mizu
待たせてごめん。,137945,tommy_san,yomi
専攻は何ですか。,141421,tommy_san,Mizu
急いでください。,182591,mookeee,huizi99
喜んで行きます。,183540,tommy_san,Mizu
1分は60秒です。,190068,tommy_san,Mizu
トムはよく働く。,199994,bunbuku,huizi99
トムはいい人だ。,200117,bunbuku,huizi99
お水をください。,227004,bunbuku,huizi99
いつ帰ってくるの？,228677,bunbuku,yomi
新入生の方ですか？,231820,tommy_san,yomi
どこ行ってきたの？,979750,bunbuku,yomi
助けてください。,1039551,bunbuku,huizi99
明日の夜とかどう？,1619851,mookeee,yomi
それどういう意味？,1836383,TomoyukiTanaka,yomi
トムと会いたい。,2033145,bunbuku,huizi99
トムは青ざめた。,2095040,bunbuku,huizi99
トムに会いたい。,2125722,bunbuku,huizi99
今から直します。,2241832,tommy_san,Mizu
これ見たことある？,2242013,bunbuku,yomi
トムは賢い子だ。,2242018,bunbuku,huizi99
トムは選択した。,2242330,bunbuku,huizi99
トムはのんきだ。,2242480,wool,huizi99
質問はありますか？,2278888,tommy_san,Mizu
どう思われますか？,2308949,tommy_san,Mizu
トムは声が高い。,2310031,tommy_san,huizi99
ごめん間違えた。,2312027,tommy_san,yomi
傘忘れないでね。,2312105,tommy_san,yomi
トムは面食いだ。,2313015,tommy_san,huizi99
トムは寝ていた。,2315987,tommy_san,huizi99
トムってどんな人？,2385289,tommy_san,huizi99
イヤホン持ってる？,2393527,wakatyann630,yomi
留学生の方ですか？,2412266,tommy_san,yomi
見てるだけです。,2413229,tommy_san,Mizu
一箱いくらですか？,2416577,tommy_san,Mizu
それ取ってくれる？,2419784,tommy_san,yomi
トムは目が青い。,2439240,tommy_san,huizi99
トムの目は青い。,2439243,tommy_san,huizi99
誰にも言うなよ。,2469769,tommy_san,yomi
トムは本の虫だ。,2504606,tommy_san,huizi99
トムは求職中だ。,2518672,tommy_san,huizi99
ここは病院です。,2604697,tommy_san,Mizu
トムは働けない。,2617891,OrangeTart,huizi99
トムが笑ってる。,2622243,OrangeTart,huizi99
トムは格好いい。,2622376,OrangeTart,huizi99
トムはデブった。,2638146,OrangeTart,huizi99
トムはもう寝た。,2659115,OrangeTart,huizi99
トムは歯が痛い。,2659331,OrangeTart,huizi99
トムは母親似だ。,2692371,tommy_san,huizi99
トムは足が速い。,2692386,tommy_san,huizi99
トムは口が堅い。,2694262,tommy_san,huizi99
トムは頭が固い。,2706800,tommy_san,huizi99
トムは目が悪い。,2706845,tommy_san,huizi99
トムは台所だよ。,2706861,tommy_san,huizi99
トムは顔が広い。,2706876,tommy_san,huizi99
トムは頭がいい。,2706899,tommy_san,huizi99
トムは元気してる？,2740709,tommy_san,huizi99
トムの声がする。,2740725,tommy_san,huizi99
水泳は好きですか？,2750301,tommy_san,Mizu
トムの彼女って誰？,2767287,tommy_san,yomi
これ誰のか分かる？,2836250,tommy_san,yomi
これいくらですか？,2852684,tommy_san,Mizu
終電は何時ですか？,2869237,tommy_san,yomi
トムは低血圧だ。,2946897,tommy_san,huizi99
トムは高血圧だ。,2946900,tommy_san,huizi99
トムは声が低い。,2946902,tommy_san,huizi99
暑くないんですか？,2951718,tommy_san,Mizu
この自転車、誰の？,2964006,tommy_san,yomi
午後の会議、出る？,2992030,tommy_san,yomi
それ誰がくれたの？,3006980,tommy_san,yomi
目に何か入った。,3010178,tommy_san,yomi
手つないでもいい？,3023119,tommy_san,yomi
一人いくらですか？,3024513,tommy_san,Mizu
母は弁護士です。,3050886,tommy_san,Mizu
なんで笑ってるの？,3105602,tommy_san,yomi
これ誰の本ですか？,3114652,tommy_san,Mizu
みんな眠くないの？,3241580,tommy_san,yomi
トムから返事来た？,3395376,tommy_san,yomi
トムは喉が痛い。,3450161,arnab,huizi99
今日の夜予定ある？,3452060,tommy_san,yomi
最近何か映画見た？,3454112,tommy_san,yomi
トムに電話して。,3480422,arnab,huizi99
トム怒ってるかな？,3488464,arnab,huizi99
トムは近くにいる？,3496707,arnab,huizi99
トムっていいヤツ？,3507419,arnab,huizi99
出口はどこですか？,3549611,tommy_san,yomi
トムは策略家だ。,3555496,arnab,huizi99
理由聞いてもいい？,3559174,tommy_san,yomi
電話借りてもいい？,3559212,tommy_san,yomi
トムを見つけて。,3573587,arnab,huizi99
電気消してもいい？,3589622,tommy_san,yomi
なんで知ってるの？,3589979,tommy_san,yomi
なんでそう思うの？,3590711,tommy_san,yomi
試験頑張ってね。,3615494,tommy_san,yomi
テストどうだった？,3699097,tommy_san,yomi
私のこと嫌いなの？,3703418,tommy_san,yomi
それ私のCDだよね？,3712602,tommy_san,yomi
お土産何買ったの？,4445365,tommy_san,yomi
トムは泳げない。,4591663,wat,huizi99
今日の晩ごはん何？,4704222,tommy_san,yomi
旅行どうでしたか？,4751193,tommy_san,Mizu
仕事はどうですか？,4751203,tommy_san,Mizu
学校はどうですか？,4751207,tommy_san,Mizu
この車誰のですか？,4769893,tommy_san,Mizu
これ誰の車ですか？,4769894,tommy_san,Mizu
この傘誰のですか？,4769898,tommy_san,Mizu
これ誰の傘ですか？,4769900,tommy_san,Mizu
もう大丈夫です。,4897935,huizi99,huizi99
誰もケガしてない？,4900052,huizi99,huizi99
明日は日曜日です。,80407,tommy_san,Mizu
本当にありがとう。,81557,tommy_san,yomi
変なこと言うなよ。,83388,tommy_san,yomi
払わせてください。,83843,bunbuku,huizi99
大人２枚ください。,137485,bunbuku,huizi99
石鹸がありません。,142339,tommy_san,Mizu
私はここにいたい。,161054,tommy_san,yomi
今日は暑いですね。,171591,tommy_san,yomi
何かお探しですか。,188129,tommy_san,Mizu
一休みしませんか。,190671,tommy_san,Mizu
また来てください。,195385,bunbuku,huizi99
トムは首になった。,199895,bunbuku,huizi99
どういう意味ですか？,201705,tommy_san,Mizu
テレビ消してもいい？,201928,bunbuku,yomi
テレビつけてもいい？,202043,bunbuku,yomi
ぜひ来てください。,214003,bunbuku,huizi99
コーヒーください。,224934,bunbuku,huizi99
お風呂先に入るね。,886077,bunbuku,yomi
明日は何か予定ある？,1063562,bunbuku,yomi
トムに聞きなさい。,2038383,bunbuku,huizi99
今夜トムに会った。,2125719,bunbuku,huizi99
トムは車に乗った。,2126252,bunbuku,huizi99
トムは渋っている。,2236839,tommy_san,huizi99
相変わらず忙しいの？,2309936,tommy_san,yomi
トムは素晴らしい。,2349379,hutian,huizi99
トムは気を失った。,2370549,tommy_san,huizi99
心から同意します。,2370570,tommy_san,Mizu
トムは手が大きい。,2383097,tommy_san,huizi99
トムは街を離れた。,2392496,heppoko1987,huizi99
見ているだけです。,2413217,tommy_san,Mizu
これ誰にもらったの？,2419798,tommy_san,yomi
トムは明日来れるの？,2446683,tommy_san,yomi
ゆっくり休んでね。,2456854,tommy_san,yomi
お風呂空いてるよ。,2469523,tommy_san,yomi
音楽はお好きですか？,2499122,tommy_san,Mizu
トムは上半身裸だ。,2499138,tommy_san,huizi99
これ、売り物ですか？,2499661,tommy_san,yomi
トムは泣いていた。,2515512,tommy_san,huizi99
トムに会ってきて。,2562515,OrangeTart,huizi99
トムが踊っている。,2622312,OrangeTart,huizi99
トムが泣いている。,2622328,OrangeTart,huizi99
トムは興味津々だ。,2622374,OrangeTart,huizi99
トムは多分大丈夫。,2626305,OrangeTart,huizi99
トムは寝ていない。,2628402,OrangeTart,huizi99
トムは落っこちた。,2638124,OrangeTart,huizi99
トムが落っこちた。,2638126,OrangeTart,huizi99
UNはUnitedNationsの略です。,2664712,tommy_san,Mizu
今日は木曜日です。,2670479,tommy_san,Mizu
トムは髪を染めた。,2690762,tommy_san,huizi99
トムは忘れっぽい。,2694269,tommy_san,huizi99
トムは手が小さい。,2694316,tommy_san,huizi99
トムは酔っていた。,2700205,tommy_san,huizi99
トムは腹を立てた。,2706908,tommy_san,huizi99
本日は定休日です。,2715375,tommy_san,Mizu
トムの本名知ってる？,2721608,tommy_san,yomi
トムは未婚だった。,2728128,tommy_san,huizi99
トムは目を閉じた。,2733756,tommy_san,huizi99
トムのこと怒ってる？,2739685,tommy_san,yomi
トムに話してもいい？,2739757,tommy_san,yomi
トム忙しそうだった？,2739764,tommy_san,yomi
お酒は飲まれますか？,2739777,tommy_san,Mizu
トムの住所知ってる？,2740698,tommy_san,yomi
トムが話している。,2860775,Nekonari,huizi99
これ誰の字か分かる？,2871658,tommy_san,yomi
着いて来ないでよ。,2904882,tommy_san,yomi
発音悪くてごめん。,2936963,tommy_san,yomi
どこにいたの、トム？,3026662,tommy_san,huizi99
みんな鉛筆持ってる？,3030041,tommy_san,yomi
好きな諺は何ですか？,3044952,tommy_san,Mizu
これ自分で描いたの？,3093923,tommy_san,yomi
足のあざどうしたの？,3126816,tommy_san,yomi
転ばないようにね。,3241561,tommy_san,yomi
僕はトムとは違う。,3366875,arnab,huizi99
今夜スカイプできる？,3423971,tommy_san,yomi
旅行はお好きですか？,3452042,tommy_san,Mizu
トムを連れてきて。,3480363,arnab,huizi99
トムを探してきて。,3491616,arnab,huizi99
トムを見てごらん。,3507466,arnab,huizi99
なんか焦げ臭くない？,3523182,tommy_san,yomi
黒いのが私のです。,3555812,tommy_san,yomi
何歳か聞いてもいい？,3558987,tommy_san,yomi
浮気されたことある？,3561862,tommy_san,yomi
信号青になったよ。,3589613,tommy_san,yomi
好きな歌手とかいる？,3589999,tommy_san,yomi
トムまだ来てないの？,3592943,tommy_san,yomi
トムはホッとした。,3623893,arnab,huizi99
さっき話してた人誰？,3624960,tommy_san,yomi
犬と猫どっちが好き？,3643242,tommy_san,yomi
この席空いてますか？,3703959,tommy_san,Mizu
それ本気で言ってる？,3718521,tommy_san,yomi
それ誰に言われたの？,3850402,tommy_san,yomi
嘘ついてるでしょ。,3878043,tommy_san,yomi
明日どこで会おうか？,3978901,tommy_san,yomi
あの建物は何ですか？,4024248,tommy_san,Mizu
入ってもいいですか？,4147428,tommy_san,Mizu
旅行はどうでしたか？,4270214,tommy_san,Mizu
トムから連絡あった？,4270219,tommy_san,yomi
トムは嘘をついた。,4321466,nihonjin,huizi99
トムを抱きしめて。,4344860,nihonjin,huizi99
もっかいやらして。,4449038,tommy_san,yomi
どうだった、テスト？,4751174,tommy_san,yomi
この傘いくらですか？,4817734,tommy_san,Mizu
幽霊って信じますか？,4843465,tommy_san,Mizu
目を閉じてください。,79930,mookeee,huizi99
目がゴロゴロします。,80023,tommy_san,Mizu
僕は水泳が苦手です。,81837,tommy_san,Mizu
帽子を脱いで下さい。,82593,bunbuku,huizi99
動かないでください。,123791,mookeee,huizi99
息を止めてください。,140211,bunbuku,huizi99
窓を開けてください。,140360,bunbuku,huizi99
前に進んでください。,140994,bunbuku,huizi99
心配しなくていいよ。,145543,bunbuku,yomi
少々おまちください。,146661,bunbuku,huizi99
出身はどちらですか。,147746,tommy_san,Mizu
集合場所はどこですか？,148104,tommy_san,Mizu
時計をなくしました。,150488,tommy_san,Mizu
私は後から行きます。,157194,tommy_san,yomi
私にやらせてくれない？,164478,tommy_san,yomi
好きな歌手は誰ですか？,173784,tommy_san,Mizu
お茶をもらえますか。,174250,tommy_san,Mizu
警察を呼んで下さい。,176088,bunbuku,huizi99
禁煙席はありますか。,179954,tommy_san,Mizu
急がなくてもいいよ。,182548,tommy_san,yomi
鉛筆で書いて下さい。,188627,bunbuku,huizi99
医者を呼んで下さい。,190738,bunbuku,huizi99
ほんの少しください。,195867,bunbuku,huizi99
ペンで書いて下さい。,196626,bunbuku,huizi99
どちらのご出身ですか？,200771,tommy_san,Mizu
どこの席がいいですか？,200904,tommy_san,Mizu
トイレはどこですか。,201726,bunbuku,yomi
ドアを閉めて下さい。,201774,bunbuku,huizi99
タクシーで行こうよ。,203728,arnab,yomi
ここに書いて下さい。,224406,bunbuku,huizi99
コーヒーをください。,224884,bunbuku,huizi99
お話し中すみません。,226503,bunbuku,yomi
いつでも来て下さい。,228814,bunbuku,huizi99
好きな作家は誰ですか？,233311,tommy_san,Mizu
それ、マジで言ってる？,886088,bunbuku,yomi
私って太ってると思う？,1538018,bunbuku,yomi
どちらにご滞在ですか？,1631739,mookeee,huizi99
バス停で待ってるよ。,1656230,mookeee,yomi
お手洗いはどこですか?,1829669,TomoyukiTanaka,yomi
説明させてください。,1882978,Unaden,huizi99
行かないでください。,2006378,bunbuku,huizi99
お手伝いしましょうか？,2125747,bunbuku,yomi
そちらは今何時ですか？,2182818,tommy_san,Mizu
お金を忘れたのですか？,2214210,tommy_san,Mizu
その池は深さ3mです。,2238024,tommy_san,Mizu
この文は現在形です。,2243170,tommy_san,Mizu
どっちが正しいと思う？,2250597,tommy_san,yomi
ちょっと休みませんか？,2265696,Ianagisacos,huizi99
お昼はもう食べたよ。,2269121,tommy_san,yomi
トム、邪魔しないで。,2269394,tommy_san,huizi99
トムに聞いてみます。,2311962,tommy_san,yomi
入場料はいくらですか？,2416571,tommy_san,yomi
机には何が入ってるの？,2446307,tommy_san,yomi
何か隠してるでしょ。,2460894,tommy_san,yomi
このパン食べてもいい？,2471944,tommy_san,yomi
胸がズキズキします。,2478145,tommy_san,Mizu
その言葉は初耳です。,2492445,tommy_san,Mizu
トムは何語ができるの？,2559567,tommy_san,huizi99
トムはもう起きました？,2570511,OrangeTart,huizi99
これは本当の話です。,2605209,tommy_san,Mizu
お皿が汚れています。,2730929,tommy_san,Mizu
トムに電話してみたら？,2733794,tommy_san,yomi
トム連れてきてもいい？,2739755,tommy_san,huizi99
トムのこと愛してるの？,2740700,tommy_san,huizi99
他に質問はありますか？,2750250,tommy_san,Mizu
トム、メアド教えて。,2752672,tommy_san,huizi99
好きな動物は何ですか？,2759287,tommy_san,Mizu
好きな野菜は何ですか？,2759288,tommy_san,Mizu
何がそんなに悲しいの？,2772833,tommy_san,yomi
すごくうれしいです。,2780204,tommy_san,yomi
明日9時に電話して。,2790461,tommy_san,yomi
右腕が上がりません。,2803449,tommy_san,Mizu
何も思い出せません。,2813846,tommy_san,Mizu
お金を盗まれました。,2834135,tommy_san,Mizu
救急車呼びましょうか？,2838455,tommy_san,yomi
この時計いくらですか？,2852688,tommy_san,yomi
トムは責任感が強い。,2944656,tommy_san,huizi99
明日が待ち遠しいよ。,2947270,tommy_san,yomi
なんか変な臭いしない？,2960829,tommy_san,yomi
二人ともありがとう。,2991029,tommy_san,yomi
急がないと遅れるよ。,3003343,tommy_san,yomi
長い一週間だったな。,3006685,tommy_san,yomi
また後で電話するね。,3024537,tommy_san,yomi
母は高校の先生です。,3050904,tommy_san,Mizu
何時にどこで会おうか？,3054767,tommy_san,yomi
明日の朝まで待って。,3110692,tommy_san,yomi
入場券はいくらですか？,3110746,tommy_san,Mizu
私もそんな気がする。,3169400,tommy_san,yomi
ごめん、名前何だっけ？,3179527,tommy_san,yomi
トムを見習いなさい。,3232489,tommy_san,yomi
ドイツでの生活はどう？,3244928,tommy_san,yomi
私のこと嫌いになった？,3245933,tommy_san,yomi
トムって呼んでもいい？,3295565,tommy_san,huizi99
髪に何かついてるよ。,3361447,tommy_san,yomi
野球って何が面白いの？,3361537,tommy_san,yomi
うちは4人家族です。,3374801,tommy_san,Mizu
宇宙人っていると思う？,3400819,tommy_san,yomi
趣味は音楽鑑賞です。,3400864,tommy_san,Mizu
このパーカーどう思う？,3447505,tommy_san,yomi
お勘定お願いします。,3452051,tommy_san,Mizu
めっちゃ恥ずかしい。,3452297,tomo,yomi
もう一回やってみて。,3453236,tommy_san,yomi
パソコン使ってもいい？,3455735,tomo,yomi
トムを許してあげたら？,3491603,arnab,huizi99
変なこと聞いてもいい？,3559173,tommy_san,yomi
タバコ吸ったことある？,3561854,tommy_san,yomi
トムと話したことある？,3561855,tommy_san,huizi99
この曲聞いたことある？,3562101,tommy_san,yomi
かばん開いてますよ。,3565442,tommy_san,yomi
クラスに仲いい人いる？,3589670,tommy_san,yomi
みんな何の話してるの？,3592386,tommy_san,yomi
まだお昼食べてないの？,3593137,tommy_san,yomi
その本どこで買ったの？,3595178,tommy_san,yomi
この靴どこで買ったの？,3595186,tommy_san,yomi
そんなこと言うなよ。,3596583,tommy_san,yomi
駅まで一緒に行かない？,3623504,tommy_san,yomi
何か食べたいものある？,3631723,tommy_san,yomi
甘いものが食べたい。,3635288,tommy_san,yomi
今日は早く寝たいな。,3709600,tommy_san,yomi
このセーターどう思う？,3715087,tommy_san,yomi
映画館は駅から近いの？,3850777,tommy_san,yomi
何か買いたいものある？,3859221,tommy_san,yomi
声変だよ。どうしたの？,3884448,tommy_san,yomi
何歳までに結婚したい？,3888503,tommy_san,yomi
お茶をいただけますか？,4055190,tommy_san,Mizu
どちらへ行かれますか？,4164733,tommy_san,Mizu
ご家族はお元気ですか？,4260196,tommy_san,Mizu
諦めてはいけません。,4260748,tommy_san,Mizu
一番の違いは何ですか？,4494361,tommy_san,Mizu
おっしゃる通りです。,4651964,tommy_san,Mizu
この帽子いくらですか？,4817726,tommy_san,Mizu
ここ座っていいですか？,4842955,tommy_san,Mizu
お化けって信じますか？,4843467,tommy_san,Mizu
今どこにいるんですか？,4865666,tommy_san,Mizu
あれは間違いだった。,4898064,huizi99,huizi99
何か異議がありますか？,4898205,huizi99,huizi99
何かお飲みになりますか？,4913,bunbuku,yomi
来週詳しく説明します。,78623,tommy_san,Mizu
満タンにしてください。,81084,bunbuku,huizi99
切符を見せてください。,142089,bunbuku,huizi99
少し休ませてください。,146817,tommy_san,huizi99
手数料はいくらですか。,148530,tommy_san,yomi
昨日はよく眠れましたか？,169991,tommy_san,Mizu
何が起こったのですか。,188026,tommy_san,Mizu
映画は面白かったですか？,189306,tommy_san,Mizu
ちょっと一服しませんか？,190069,tommy_san,Mizu
バッグを盗まれました。,197966,tommy_san,Mizu
バッグを開けて下さい。,197969,bunbuku,huizi99
はさみを取って下さい。,198276,bunbuku,huizi99
ナイフを貸して下さい。,199334,bunbuku,huizi99
トムは通りを横切った。,199856,bunbuku,huizi99
トムは凧に糸を付けた。,199863,bunbuku,huizi99
トムは三塁打を打った。,199927,bunbuku,huizi99
トムは危険から逃れた。,199966,bunbuku,huizi99
トムはクラスで一番だ。,200102,bunbuku,huizi99
ドアを開けてください。,201797,bunbuku,huizi99
テレビを消して下さい。,201937,bunbuku,huizi99
ちょっと待って下さい。,202733,bunbuku,huizi99
ちょっと見せて下さい。,202785,bunbuku,huizi99
ちょっとお待ち下さい。,202848,bunbuku,huizi99
チャンネル変えてもいい？,202954,tommy_san,yomi
それどういう意味ですか？,205718,tommy_san,Mizu
ご注文はお決まりですか？,217064,tommy_san,yomi
お茶をもう少し下さい。,226855,bunbuku,huizi99
あのノートは誰のですか？,231281,tommy_san,Mizu
あさって来てください。,234490,bunbuku,huizi99
住所を教えてください。,1033718,bunbuku,huizi99
トムはレースに勝った。,1039265,bunbuku,huizi99
トムは片目が見えない。,1097534,mookeee,huizi99
つまようじをください。,1171886,bunbuku,huizi99
電気を消してください。,1171972,bunbuku,huizi99
トムは頭の回転が速い。,1355524,bunbuku,huizi99
トムは物分かりがいい。,1355528,bunbuku,huizi99
トムは今一人ではない。,1411204,bunbuku,huizi99
トムは髪を黒く染めた。,1566683,bunbuku,huizi99
私が直接お伺いします。,1643740,mookeee,huizi99
トムは感激するだろう。,2041027,bunbuku,huizi99
トムは長椅子に座った。,2067073,bunbuku,huizi99
トムは具合が悪そうだ。,2095028,bunbuku,huizi99
トムは銃規制に賛成だ。,2096986,verbum,huizi99
トムは落ち込んでいる。,2098016,bunbuku,huizi99
トムは手を差し出した。,2098578,bunbuku,huizi99
トムは部屋を見回した。,2098584,bunbuku,huizi99
トムはライトをつけた。,2110007,bunbuku,huizi99
トムは明かりをつけた。,2110012,bunbuku,huizi99
トムは電車から降りた。,2110028,bunbuku,huizi99
トムはたらふく食べた。,2125716,bunbuku,huizi99
住所を書いてください。,2134769,bunbuku,huizi99
トムには投票権がある。,2141723,Blanka_Meduzo,huizi99
トムは高校を中退した。,2173170,bunbuku,huizi99
トムは最後に到着した。,2196152,bunbuku,huizi99
お風呂はきれいですか。,2196408,bunbuku,huizi99
あなたは何が得意ですか？,2197785,tommy_san,Mizu
アメリカから来ました。,2231208,tommy_san,Mizu
トムと連絡が取れない。,2242027,bunbuku,huizi99
この文は現在時制です。,2243171,tommy_san,Mizu
ちょっと寒くないですか？,2243422,tommy_san,Mizu
そんなのありえないよ。,2255793,tommy_san,yomi
これは注文と違います。,2255796,tommy_san,Mizu
処方箋をお出しします。,2270834,tommy_san,Mizu
気温は氷点下6度です。,2281526,tommy_san,Mizu
トムに訊いてきますね。,2311964,tommy_san,huizi99
なんで私のこと好きなの？,2312685,tommy_san,yomi
ボストンに来ています。,2313034,tommy_san,Mizu
心配しないでください。,2349145,hutian,huizi99
右に曲がってください。,2349244,hutian,huizi99
心の底から同意します。,2370571,tommy_san,Mizu
トムは禁煙に失敗した。,2374447,tommy_san,huizi99
トムはテレビをつけた。,2378466,tommy_san,huizi99
トムには関係ないんだ。,2385311,tommy_san,huizi99
誰がそんなこと言ったの？,2419795,tommy_san,yomi
トムは信頼できる男だ。,2465623,tommy_san,huizi99
自転車が盗まれました。,2478113,tommy_san,Mizu
準備できたら電話して。,2478124,tommy_san,yomi
トムは歯を磨いている。,2487649,tommy_san,huizi99
トムは気を失っている。,2499135,tommy_san,huizi99
トムは膝を痛めている。,2500710,tommy_san,huizi99
トムは屋根の上にいる。,2500712,tommy_san,huizi99
今日はトムの誕生日だ。,2503267,tommy_san,huizi99
トムは手紙を燃やした。,2515505,tommy_san,huizi99
トムは間違いを認めた。,2519127,tommy_san,huizi99
わざとじゃないんです。,2522589,tommy_san,Mizu
トムは背中を撃たれた。,2526764,tommy_san,huizi99
トムは慌てて家を出た。,2527027,tommy_san,huizi99
トムはよく物をなくす。,2533623,tommy_san,huizi99
トムは何時来てもいい。,2568025,OrangeTart,huizi99
トムは三分早くついた。,2608703,OrangeTart,huizi99
男子トイレは2階です。,2615413,tommy_san,Mizu
トムは大物を捕まえた。,2617867,OrangeTart,huizi99
トムはハンサムな男だ。,2620395,OrangeTart,huizi99
トムは泳ぐのが上手い。,2620401,OrangeTart,huizi99
トムは多分待っている。,2626300,OrangeTart,huizi99
トムは多分眠っている。,2626312,OrangeTart,huizi99
トムは多分怒っている。,2626314,OrangeTart,huizi99
トムはテレビを見てる。,2628415,OrangeTart,huizi99
トムは本を読んでいる。,2628983,tommy_san,huizi99
トムには子供がいない。,2631277,OrangeTart,huizi99
トムが階段から落ちた。,2638115,OrangeTart,huizi99
トムは階段から落ちた。,2638118,OrangeTart,huizi99
トムは泥沼にはまった。,2638219,OrangeTart,huizi99
トムはもう家に帰った。,2659118,OrangeTart,huizi99
トムはもう始めている。,2659324,OrangeTart,huizi99
親にはもう話しました。,2664558,tommy_san,Mizu
明日は用事があります。,2666765,tommy_san,Mizu
トムは97歳まで生きた。,2690805,tommy_san,huizi99
トムはいつでも明るい。,2694313,tommy_san,huizi99
トムは嘘をついている。,2697623,tommy_san,huizi99
トムは政治に無関心だ。,2698363,tommy_san,huizi99
トムは26歳で結婚した。,2700219,tommy_san,huizi99
トムは30歳で結婚した。,2700274,tommy_san,huizi99
トムは会議を欠席した。,2702376,tommy_san,huizi99
トムはとても背が高い。,2706773,tommy_san,huizi99
トムの家に雷が落ちた。,2706785,tommy_san,huizi99
明らかにトムの責任だ。,2706808,tommy_san,huizi99
トムは言い訳を始めた。,2706821,tommy_san,huizi99
トムの容体が悪化した。,2706831,tommy_san,huizi99
トムに電話してみよう。,2706839,tommy_san,huizi99
トムは全速力で走った。,2706851,tommy_san,huizi99
トムは急に笑い出した。,2706864,tommy_san,huizi99
トムは扱いにくい男だ。,2706879,tommy_san,huizi99
トムは急に泣き出した。,2706939,tommy_san,huizi99
セーターが裏返しだよ。,2719591,tommy_san,yomi
トムは少し酔っていた。,2720737,tommy_san,huizi99
トムはまだ怒っている。,2733637,tommy_san,huizi99
トムはラジオをつけた。,2733639,tommy_san,huizi99
トムは床に座っていた。,2733753,tommy_san,huizi99
トムは一人旅が好きだ。,2733761,tommy_san,huizi99
コーヒーはお好きですか？,2739786,tommy_san,Mizu
もっと幸せになりたい。,2758982,tommy_san,yomi
今日のことは忘れよう。,2780857,tommy_san,yomi
私も同じこと考えてた。,2835421,tommy_san,yomi
日本は今午前3時です。,2850571,tommy_san,Mizu
トムは卵に塩をかけた。,2858266,tommy_san,huizi99
電気をつけてください。,2858288,tommy_san,huizi99
カメラをなくしました。,2864454,tommy_san,Mizu
お母様の旧姓は何ですか？,2868653,tommy_san,Mizu
なんでこんなことしたの？,2871722,tommy_san,yomi
80円切手を1枚下さい。,2901187,tommy_san,yomi
トムはマッチを擦った。,2906778,tommy_san,huizi99
トムは作り笑いをした。,2916988,tommy_san,huizi99
私のせいにしないでよ。,2917014,tommy_san,yomi
トムんち行ったことある？,2941380,tommy_san,yomi
そんなの不公平じゃない？,2946939,tommy_san,yomi
トムは全てを否定した。,2951932,tommy_san,huizi99
それ聞いて安心したよ。,2955235,tommy_san,yomi
その必要はありません。,2975859,tommy_san,Mizu
トムはよく学校を休む。,2976546,tommy_san,huizi99
あなたは18歳以上ですか？,2976594,tommy_san,Mizu
海外旅行は初めてですか？,2984091,tommy_san,Mizu
このりんご食べてもいい？,2988215,tommy_san,yomi
風邪引かないようにね。,2993260,tommy_san,yomi
私一人っ子がよかった。,3016471,tommy_san,yomi
2時になったら寝るね。,3045973,tommy_san,yomi
ボストンは今何時ですか？,3050854,tommy_san,Mizu
娘が6月に結婚します。,3050892,tommy_san,Mizu
娘は6月に結婚します。,3050893,tommy_san,Mizu
一緒にダイエットしない？,3052932,tommy_san,yomi
春と秋ではどっちが好き？,3114624,tommy_san,yomi
好きな食べ物は何ですか？,3114646,tommy_san,Mizu
急がないと終電逃すよ。,3119000,tommy_san,yomi
そのビールいくらだった？,3122100,tommy_san,yomi
トムの声早く聞きたい。,3137746,tommy_san,yomi
私の長所って何だと思う？,3162624,tommy_san,yomi
これ何分チンしたらいい？,3162657,tommy_san,yomi
ごめん、起こしちゃった？,3169535,tommy_san,yomi
彼氏できたら教えてね。,3169735,tommy_san,yomi
先お風呂入っていいよ。,3275991,tommy_san,yomi
すみません、通ります。,3277390,tommy_san,Mizu
白ワインはお好きですか？,3283009,tommy_san,Mizu
トムにとって幸せって何？,3324259,tommy_san,yomi
トムはその写真を見た。,3362360,arnab,huizi99
わが家は4人家族です。,3374804,tommy_san,Mizu
誰か2時半に起こして。,3387837,tommy_san,yomi
もう誰も信じられない。,3395402,tommy_san,yomi
半袖で寒くないんですか？,3440367,tommy_san,yomi
トムのことまだ好きなの？,3447491,tommy_san,yomi
数学のテストどうだった？,3471764,tommy_san,yomi
このケーキ誰が作ったの？,3479289,tommy_san,yomi
これは何という花ですか？,3481397,tommy_san,Mizu
トムはため息をついた。,3491551,arnab,huizi99
お父さんはお元気ですか？,3523159,tommy_san,yomi
私のことどれくらい好き？,3530464,tommy_san,yomi
どれくらいお腹すいてる？,3551585,tommy_san,yomi
トムを泣かせてやった。,3551958,arnab,huizi99
トムに振られちゃった。,3559196,arnab,huizi99
ドライヤー借りてもいい？,3559198,tommy_san,yomi
風邪治ってよかったね。,3567548,tommy_san,yomi
PDFって何の略か知ってる？,3572565,tommy_san,yomi
トムって頑固だと思う。,3591860,arnab,huizi99
トムって運がいいよね。,3594831,arnab,huizi99
トムって気分屋だよね。,3594833,arnab,huizi99
トムは決して笑わない。,3594873,arnab,huizi99
トムは滅多に笑わない。,3594875,arnab,huizi99
トムには絶対内緒だよ。,3596854,tommy_san,yomi
トムには言わないでね。,3596906,tommy_san,yomi
トムって割と早口だね。,3597441,arnab,huizi99
トムと昨日話をしたよ。,3597448,arnab,huizi99
これ食べられるんですか？,3610726,tommy_san,Mizu
トムはよく電話で話す。,3616173,arnab,huizi99
嘘に決まってんじゃん。,3616397,tommy_san,yomi
昨日一緒にいた女の人誰？,3625005,tommy_san,yomi
おいしいもの食べたい。,3635215,tommy_san,yomi
早くしないと遅れるよ。,3638421,tommy_san,yomi
年齢聞いてもいいですか？,3677759,tommy_san,Mizu
もうその話はやめよう。,3700836,tommy_san,yomi
明日も来れたら来るね。,3710326,tommy_san,yomi
これ触ってもいいですか？,3711691,tommy_san,yomi
眠くなったら言ってね。,3714591,tommy_san,yomi
なんでそんなに頭いいの？,3717900,tommy_san,yomi
やっと二人になれたね。,3782777,tommy_san,yomi
トムは何もしていない。,4216121,Atamapan,huizi99
フランス語はできますか？,4265205,tommy_san,Mizu
トムは元気そうだった。,4292437,Nicky,huizi99
どっか行きたいとこある？,4517157,tommy_san,yomi
またトムが何か壊したの？,4715762,tommy_san,yomi
これなんていうんですか？,4772853,tommy_san,Mizu
明日は一日家にいます。,4804659,tommy_san,Mizu
このカメラいくらですか？,4817731,tommy_san,Mizu
トムは謝る必要ないよ。,4845177,tommy_san,huizi99
旅行は楽しかったですか。,78157,tommy_san,Mizu
免許証を見せてください。,80220,bunbuku,huizi99
遅れて申し訳ありません。,126707,tommy_san,Mizu
遅くなってごめんなさい。,126740,tommy_san,yomi
人前で歌うのは苦手です。,143950,tommy_san,Mizu
自転車で通勤しています。,150079,tommy_san,Mizu
ラジオを消してください。,192590,bunbuku,huizi99
やり方を教えてください。,193024,bunbuku,huizi99
もう一度やってください。,194313,bunbuku,huizi99
もうこれ以上待てません。,194459,tommy_san,Mizu
はっきり言ってください。,197982,bunbuku,huizi99
タクシーを呼んで下さい。,203703,arnab,huizi99
すぐに帰ってきて下さい。,214907,tommy__san,huizi99
この靴はイタリア製です。,222264,tommy_san,Mizu
このバスは50人乗りです。,223346,tommy_san,Mizu
コートを脱いでください。,224955,tommy_san,huizi99
お話の途中ですみません。,226506,tommy_san,Mizu
エレベーターはありますか？,1142909,bunbuku,yomi
しばらくお待ちください。,1401160,bunbuku,yomi
もうおなかいっぱいです。,1721259,anko,yomi
しばらくお持ちください。,1949268,dryhay,yomi
この単語が分かりません。,2179159,tommy_san,Mizu
よかった！何も壊れてない。,2229224,tommy_san,yomi
そんなことないと思うよ。,2232991,tommy_san,yomi
この文の時制は現在です。,2242958,tommy_san,Mizu
気温はマイナス6度です。,2281525,tommy_san,Mizu
食事が済んだら行きます。,2289371,tommy_san,Mizu
問題を再検討してみます。,2307197,tommy_san,Mizu
これ誰にもらったんですか？,2419799,tommy_san,Mizu
誰か海まで散歩に行かない？,2450319,tommy_san,yomi
トムとの間に何かあったの？,2456853,tommy_san,yomi
雑音で何も聞こえません。,2500715,tommy_san,Mizu
それはこっちの台詞だよ。,2503987,tommy_san,yomi
何も食べたくないんです。,2518669,tommy_san,Mizu
今日は最悪の一日でした。,2526766,tommy_san,Mizu
どうして信じてくれないの？,2533641,tommy_san,yomi
あなたは奇跡を信じますか？,2664703,tommy_san,Mizu
そんなこと誰に言われたの？,2691519,tommy_san,yomi
この辺りにATMはありますか？,2701316,tommy_san,Mizu
黙ってればよかったのに。,2718666,tommy_san,yomi
昨日は何時に寝たんですか？,2726763,tommy_san,Mizu
ボストンに住んでいます。,2740891,tommy_san,Mizu
この近くにATMはありますか？,2748990,tommy_san,Mizu
この付近は駐車禁止です。,2764096,tommy_san,Mizu
食中毒の経験はありますか？,2780838,tommy_san,Mizu
どっか行きたいところある？,2794995,tommy_san,yomi
トムが会いたがってたよ。,2852971,tommy_san,yomi
わざと間違えたんでしょ。,2869675,tommy_san,yomi
これ試着してもいいですか？,2869738,tommy_san,Mizu
全くおっしゃる通りです。,2912698,tommy_san,Mizu
話の続きは明日にします。,2921365,tommy_san,Mizu
すみません、前通ります。,2983012,tommy_san,Mizu
がっかりさせてごめんね。,3024841,tommy_san,yomi
今朝無事に到着しました。,3052786,tommy_san,Mizu
着くの何時ごろになりそう？,3059415,tommy_san,yomi
ごめん、ペン借りてもいい？,3096812,tommy_san,yomi
なんでバス来ないんだろう？,3114578,tommy_san,yomi
顔に嘘って書いてあるよ。,3141862,tommy_san,yomi
普段どんな音楽聴いてるの？,3179530,tommy_san,yomi
最近返事遅いけど忙しいの？,3193596,tommy_san,yomi
この人形、一人で作ったの？,3228971,tommy_san,yomi
この人形、自分で作ったの？,3228975,tommy_san,yomi
愛してるよ、いつまでも。,3299985,tommy_san,yomi
トムにバカって言われた。,3347244,tommy_san,yomi
お茶もう1杯いかがですか？,3363972,tommy_san,yomi
念のため傘持って行ったら？,3384972,tommy_san,yomi
明日のご出発は何時ですか？,3398622,tommy_san,yomi
留学の経験はおありですか？,3440945,tommy_san,Mizu
ご自由におとりください。,3459009,arnab,huizi99
どうしたの？顔真っ青だよ。,3474046,tommy_san,yomi
この箱には何が入ってるの？,3484226,tommy_san,yomi
こんな時間まで何してたの？,3484283,tommy_san,yomi
ほんとに私のこと好きなの？,3491511,tommy_san,yomi
ここに座ってもいいですか？,3495546,arnab,Mizu
駅まで一緒に歩きませんか？,3502092,tommy_san,Mizu
トムが行くなら私も行く。,3523968,tommy_san,yomi
他に何か聞きたいことある？,3561857,tommy_san,yomi
女の子とキスしたことある？,3561865,tommy_san,yomi
疲れてるならもう寝なよ。,3573104,tommy_san,yomi
お子さんはおいくつですか？,3574891,tommy_san,Mizu
そんなこと言ってないよ。,3589654,tommy_san,yomi
その自信はどこから来るの？,3589778,tommy_san,yomi
やばい、お金使いすぎた。,3591790,tommy_san,yomi
当たり前のこと言うなよ。,3596343,tommy_san,yomi
甘くないものが食べたい。,3635291,tommy_san,yomi
今回だけは許してあげる。,3649764,tommy_san,yomi
サンタさんっていると思う？,3689566,tommy_san,yomi
サンタさんって何人いるの？,3689570,tommy_san,yomi
力になれてよかったです。,3700072,tommy_san,Mizu
もうこれ以上待てないよ。,4260419,tommy_san,yomi
窓を開けてもいいですか。,4260722,tommy_san,Mizu
これほんとにスパゲッティ？,4300739,tommy_san,yomi
値段は全部同じなんですか？,4483905,tommy_san,Mizu
ごめんって言ったじゃん。,4717937,riumutu,yomi
コンサートはどうでしたか？,4751183,tommy_san,Mizu
電話番号を教えてください。,124620,bunbuku,huizi99
遅刻して申し訳ありません。,126656,tommy_san,Mizu
少々お待ちいただけますか。,146660,tommy_san,yomi
自由に召し上がって下さい。,149689,tommy__san,huizi99
嫌いな食べ物ってありますか？,175407,tommy_san,Mizu
駅はここから車で10分です。,188900,tommy_san,yomi
もう少し安くなりませんか。,194114,tommy_san,Mizu
デザートは何になさいますか？,202257,tommy_san,Mizu
ちょっと考えさせて下さい。,202776,verbum,huizi99
ご一緒できなくて残念です。,217213,tommy_san,Mizu
窓を閉めていただけませんか？,993933,mookeee,yomi
誰にも言わないでください。,1827547,bunbuku,huizi99
小さい声で話してください。,2063330,bunbuku,huizi99
もうひとつ質問があります。,2104766,bunbuku,yomi
この文の時制は現在形です。,2242961,tommy_san,Mizu
天気が良かったら行きます。,2263755,tommy_san,Mizu
すみません、間違えました。,2312026,tommy_san,Mizu
さっきのメールどういう意味？,2313031,tommy_san,yomi
出身はオーストラリアです。,2394441,tommy_san,Mizu
この絵を描いたのは誰ですか？,2416431,tommy_san,Mizu
笑いすぎて死ぬかと思った。,2416434,tommy_san,yomi
オランダ大使館はどこですか？,2418677,tommy_san,Mizu
パスポートが盗まれました。,2423918,tommy_san,Mizu
6時半に電話してください。,2429718,tommy_san,huizi99
駅までは歩いて1時間です。,2494554,tommy_san,Mizu
そんな目で見つめないでよ。,2533669,tommy_san,yomi
トムの肩ばっかり持つなよ。,2697615,tommy_san,yomi
献血をしたことはありますか？,2708965,tommy_san,Mizu
今日のトム、なんか変だよ。,2760647,tommy_san,yomi
中国人の友達は何人いますか？,2774252,tommy_san,Mizu
この野菜、英語で何ていうの？,2780845,tommy_san,yomi
何かアレルギーはありますか？,2838403,tommy_san,Mizu
何がそんなに不満なんですか？,2854322,tommy_san,yomi
うまくいったと思ったのに。,2865901,tommy_san,yomi
テレビ見てないなら消すよ。,2869681,tommy_san,yomi
今朝食が済んだところです。,2921193,tommy_san,Mizu
明日の夜が待ち遠しいです。,2947332,tommy_san,Mizu
支払いにカードは使えますか？,2955244,tommy_san,Mizu
お役に立ててうれしいです。,2967648,tommy_san,Mizu
ファイルが破損しています。,2976561,tommy_san,Mizu
ここは入口ではありません。,2988140,tommy_san,Mizu
大学時代の専攻は何でしたか？,3050901,tommy_san,Mizu
トムは心配しすぎだと思う。,3099376,tommy_san,yomi
カナダ人に生まれたかった。,3122652,tommy_san,yomi
冬休み明けないでほしいな。,3137742,tommy_san,yomi
さっきは言いすぎてごめん。,3158402,tommy_san,yomi
悲しいお知らせがあります。,3164604,tommy_san,yomi
待っててくれたの？ありがとう！,3165591,tommy_san,yomi
バレエ続けてればよかった。,3179585,tommy_san,yomi
シンガポールから来ました。,3196466,tommy_san,Mizu
そろそろ寝る時間じゃないの？,3205389,tommy_san,yomi
今日は早めに寝ようと思う。,3313205,tommy_san,yomi
メアリーってかわいいと思う？,3504005,tommy_san,yomi
疲れてるんでしょ？早く寝たら？,3513024,tommy_san,yomi
生まれてきてごめんなさい。,3516750,tommy_san,yomi
英語のメニューはありますか？,3549484,tommy_san,yomi
こんな朝早くから何してるの？,3554149,tommy_san,yomi
この近くに薬局はありますか？,3554825,tommy_san,Mizu
トムのお母さん見たことある？,3561977,tommy_san,yomi
男子ってみんな馬鹿だよね。,3596331,tommy_san,yomi
明日早いんだからもう寝たら？,3611880,tommy_san,yomi
去年のクリスマスは何してた？,3689545,tommy_san,yomi
何歳までサンタさん信じてた？,3689578,tommy_san,yomi
ビールもう一杯いかがですか？,3698210,tommy_san,Mizu
なんでそんなに英語できるの？,3716098,tommy_san,yomi
なんでそんなに料理上手いの？,3717898,tommy_san,yomi
お役に立ててよかったです。,3780822,tommy_san,yomi
早く週末にならないかなあ。,3836789,tommy_san,yomi
こんな寒いとこで何してんの？,3836941,tommy_san,yomi
ここ通ったことない道だよね？,3962512,tommy_san,yomi
映画は何時に始まりますか。,4265918,tommy_san,Mizu
それ自分がされたらどう思う？,4708825,tommy_san,yomi
マスターカードは使えますか？,4769874,tommy_san,Mizu
それ全部一人で食べるつもり？,4892684,tommy_san,huizi99
今週末までには届くはずです。,148142,tommy_san,Mizu
今はあまり時間がないのです。,172682,tommy_san,Mizu
皆さん、おはようございます。,184996,tommy_san,Mizu
家の外で待っていてください。,187048,mookeee,huizi99
雨がぱらぱら降り出しました。,189839,tommy_san,Mizu
ボールペンで書いてください。,196459,mookeee,huizi99
チューリップは今が満開です。,202944,tommy_san,Mizu
ソフトドリンクはありますか。,205990,tommy_san,Mizu
スーパーは10時に開店します。,213029,tommy_san,Mizu
ここに住所を書いてください。,224409,mookeee,huizi99
コーヒーのおかわりを下さい。,224924,bunbuku,huizi99
お飲み物はどうなさいますか。,227405,tommy_san,Mizu
ちょっと静かにしてください。,1171907,bunbuku,huizi99
借りたものは返してください。,1879943,TomoyukiTanaka,huizi99
今でも奥さんを愛していますか？,2225750,tommy_san,Mizu
フランス語は全くできません。,2231256,tommy_san,Mizu
フランス語は全く話せません。,2232987,tommy_san,Mizu
母は英語があまりできません。,2244824,tommy_san,Mizu
写真を撮っていただけませんか？,2280845,tommy_san,Mizu
悲しいことですが、真実です。,2319336,tommy_san,Mizu
この近くにお住まいなんですか？,2484512,tommy_san,yomi
その言葉は初めて聞きました。,2492447,tommy_san,Mizu
私と話したいの？話したくないの？,2519737,tommy_san,yomi
フランス語で答えてください。,2596672,OrangeTart,huizi99
洗濯機から変な音がしてるよ。,2660416,tommy_san,yomi
ご指摘ありがとうございます。,2665202,tommy_san,Mizu
チェックアウトお願いします。,2666710,tommy_san,Mizu
なんでこんなに眠いんだろう。,2710526,tommy_san,yomi
英語は読めますが話せません。,2774230,tommy_san,Mizu
カナダ人の友達は何人いますか？,2774304,tommy_san,Mizu
この機械の使い方分かりますか？,2835327,tommy_san,yomi
トムのためなら何でもするよ。,2852710,tommy_san,yomi
キリンってなんて鳴くんだろう？,2852943,tommy_san,yomi
結婚式は土曜日に行われます。,2869671,tommy_san,Mizu
一度に何冊まで借りられますか？,2869674,tommy_san,Mizu
一つ知りたいことがあります。,2948328,tommy_san,Mizu
明日は何時に迎えに行けばいい？,2960834,tommy_san,yomi
またお会いできて嬉しいです。,2962367,tommy_san,Mizu
もうちょっとだけいてくれない？,2976032,tommy_san,yomi
昨日のこと、謝りに来ました。,2976615,tommy_san,yomi
トムって変な笑い方するよね。,2982978,tommy_san,yomi
マッチで遊んではいけません。,2996267,tommy_san,Mizu
なんでそんな馬鹿なことしたの？,3010097,tommy_san,yomi
そんな暗いところで何してるの？,3017165,tommy_san,yomi
電話番号教えてもらってもいい？,3024520,tommy_san,yomi
また後ほどお電話いたします。,3024539,tommy_san,Mizu
休み取らないと倒れちゃうよ。,3045271,tommy_san,yomi
二度と私のものに触らないで。,3051193,tommy_san,yomi
このドレス、太って見えるかな？,3059318,tommy_san,yomi
パンのお代わりはいかがですか？,3071321,tommy_san,yomi
明日の朝まで待ってください。,3110695,tommy_san,huizi99
駐車場は何時まで開いてますか？,3116527,tommy_san,Mizu
トルコ料理って食べたことある？,3155508,tommy_san,yomi
このチラシもう1枚頂けますか？,3159834,tommy_san,Mizu
同窓会、何人くらい来ると思う？,3162634,tommy_san,yomi
大丈夫？ストレス溜め込んでない？,3164249,tommy_san,yomi
なんか天気悪くなってきたね。,3174248,tommy_san,yomi
新しい彼氏できたら教えてね。,3179728,tommy_san,yomi
オーストラリアから来ました。,3196469,tommy_san,yomi
もう少し考えさせてください。,3312291,tommy_san,huizi99
明日は山登りに行ってきます。,3332550,tommy_san,Mizu
どうして言ってくれなかったの？,3377480,tommy_san,yomi
トムとは普段何語で話してるの？,3395397,tommy_san,yomi
もう誰にも迷惑かけたくない。,3395419,tommy_san,yomi
すみません、出口はどこですか？,3423944,tommy_san,Mizu
お返事ありがとうございます。,3432685,tommy_san,Mizu
お支払いはいかがなさいますか？,3486249,tommy_san,Mizu
もう一回最初からやってみたら？,3513020,tommy_san,yomi
ポイントカードはお持ちですか？,3515218,tommy_san,yomi
トムが行くなら私は行かない。,3523976,tommy_san,yomi
あと5分だけ一緒にいさせて。,3538435,tommy_san,yomi
トムはどれくらいお腹すいてる？,3548591,tommy_san,yomi
すみません、ここ空いてますか？,3554844,tommy_san,yomi
もう一つ質問してもいいですか？,3559175,tommy_san,Mizu
やり方教えてくれたらやるよ。,3579912,tommy_san,yomi
私って生きてる価値あるのかな？,3583444,tommy_san,yomi
『アバター』って映画知ってる？,3583519,tommy_san,yomi
自分で言ったこと覚えてないの？,3593120,tommy_san,yomi
このスープどうやって作ったの？,3595746,tommy_san,yomi
すみません、宿題忘れました。,3596349,tommy_san,Mizu
風邪引くから早く服着なさい。,3629105,tommy_san,yomi
トムのことどれくらい好きなの？,3662129,tommy_san,yomi
すみません、これ何の列ですか？,3682345,tommy_san,yomi
お仕事は何をされてるんですか？,3700805,tommy_san,Mizu
またお話できたら嬉しいです。,3718483,tommy_san,yomi
早く夏休みにならないかなあ。,3836796,tommy_san,yomi
私だったらやらないけどなあ。,3839688,tommy_san,yomi
すみません、これいくらですか？,3845893,tommy_san,Mizu
ボストンは素晴らしい街です。,3984850,tommy_san,Mizu
お飲み物はいかがなさいますか？,4235760,tommy_san,Mizu
今年の10月で30歳になります。,4257396,tommy_san,Mizu
なんか変なもの踏んじゃった。,4312040,tommy_san,yomi
ピアノの他に何か楽器やってる？,4449043,tommy_san,yomi
心配してくれてありがとうね。,4478292,tommy_san,yomi
弟はボストンに住んでいます。,4591660,tommy_san,Mizu
兄はボストンに住んでいます。,4591662,tommy_san,Mizu
明日の英語って宿題あったっけ？,4593695,tommy_san,yomi
そんなに食べたらお腹壊すよ。,4629034,tommy_san,yomi
トムが怒ってるの見たことある？,4720152,tommy_san,yomi
ここにはよく来られるんですか？,4751844,tommy_san,Mizu
お子さんはいらっしゃいますか？,4805143,tommy_san,Mizu
今日の空は雲に覆われている。,4897800,huizi99,huizi99
トムはひとりでうちに帰った。,4898338,huizi99,huizi99
一晩泊めてもらいたいんだけど。,5064,bunbuku,yomi
暇だったら、手伝ってください。,6018,mookeee,huizi99
腱鞘炎ではないかと思うのです。,77081,tommy_san,Mizu
来週ヨーロッパに発つ予定です。,78630,tommy_san,Mizu
夕食後は外出してはいけません。,79072,tommy_san,Mizu
母がいつ戻るかは分かりません。,83178,tommy_san,Mizu
このケーキ、誰が作ったんですか？,137045,tommy_san,Mizu
私は学校にいる時が一番楽しい。,157868,nihonjin,nihonjin
嬉しいくせに。素直に喜びなよ。,183495,tommy_san,yomi
夏休みはどこかへ行きましたか。,187170,tommy_san,Mizu
はさみを貸してくださいますか。,198275,tommy_san,Mizu
どうぞおかけになってください。,201362,bunbuku,huizi99
ドアを閉めていただけませんか。,201781,tommy_san,Mizu
この番号で合っているはずです。,207152,tommy_san,Mizu
これが店で一番いいカメラです。,218851,tommy_san,Mizu
この部屋の家賃はいくらですか。,220023,tommy_san,Mizu
この赤ちゃんは生後3週間です。,220869,tommy_san,Mizu
ここから歩いてわずか10分です。,224725,tommy_san,Mizu
お誕生日おめでとうございます。,226885,tommy_san,Mizu
うちの娘は縄跳びが大好きです。,228154,tommy_san,Mizu
いくつか質問してもいいですか。,229186,tommy_san,Mizu
あの店でノートは売っていますか？,230563,tommy_san,Mizu